record_id,task_id,department,asset_type,section,reported_date,completed_date,severity,safety_criticality,overdue_days,estimated_duration,actual_duration,failure_history,traffic_density,block_granted,completion_status,train_delay_minutes
H001,H-T001,Engineering,Track,A-B,2026-01-04,2026-01-05,9,9,2,2.0,2.2,3,0.72,YES,COMPLETED,4
H002,H-T002,S&T,Signal,A-B,2026-01-11,2026-01-11,7,8,0,1.0,1.1,2,0.68,YES,COMPLETED,2
H003,H-T003,TRD,OHE,A-B,2026-01-18,2026-01-19,8,8,3,2.0,2.0,4,0.7,YES,COMPLETED,3
H004,H-T004,Engineering,Track,B-C,2026-02-02,2026-02-04,6,7,5,2.0,2.8,2,0.6,YES,COMPLETED,9
H005,H-T005,S&T,Signal,B-C,2026-02-08,2026-02-08,5,6,0,1.0,1.0,1,0.55,YES,COMPLETED,1
H006,H-T006,TRD,OHE,C-D,2026-02-16,2026-02-20,7,7,7,2.0,2.4,3,0.45,YES,COMPLETED,5
H007,H-T007,Engineering,Track,C-D,2026-03-01,2026-03-03,4,5,4,1.5,1.7,1,0.43,YES,COMPLETED,3
H008,H-T008,S&T,Signal,D-E,2026-03-09,2026-03-12,8,8,6,1.5,2.0,3,0.32,NO,DEFERRED,0
H009,H-T009,TRD,OHE,D-E,2026-03-15,2026-03-16,6,7,1,2.0,2.0,2,0.3,YES,COMPLETED,2
H010,H-T010,Engineering,Track,E-F,2026-03-22,2026-03-25,3,4,8,2.0,2.5,1,0.25,YES,COMPLETED,2
H011,H-T011,S&T,Signal,A-B,2026-04-04,2026-04-04,9,9,0,1.0,1.0,4,0.74,YES,COMPLETED,2
H012,H-T012,TRD,OHE,B-C,2026-04-12,2026-04-14,8,8,4,2.0,2.3,4,0.59,YES,COMPLETED,5
H013,H-T013,Engineering,Track,C-D,2026-04-20,2026-04-24,7,8,9,2.5,3.0,3,0.48,NO,DEFERRED,0
H014,H-T014,S&T,Signal,C-D,2026-05-01,2026-05-02,6,7,1,1.0,1.2,2,0.44,YES,COMPLETED,2
H015,H-T015,TRD,OHE,E-F,2026-05-10,2026-05-11,5,6,2,2.0,2.0,1,0.27,YES,COMPLETED,1
H016,H-T016,Engineering,Track,A-B,2026-05-18,2026-05-20,8,9,5,2.0,2.6,4,0.75,YES,COMPLETED,6
H017,H-T017,S&T,Signal,B-C,2026-06-02,2026-06-03,7,8,2,1.5,1.6,3,0.61,YES,COMPLETED,3
H018,H-T018,TRD,OHE,A-B,2026-06-11,2026-06-14,9,9,6,2.5,3.0,5,0.78,NO,DEFERRED,0
H019,H-T019,Engineering,Track,D-E,2026-06-20,2026-06-21,4,5,0,1.5,1.4,1,0.35,YES,COMPLETED,1
H020,H-T020,S&T,Signal,E-F,2026-06-28,2026-06-28,3,4,0,1.0,0.9,0,0.22,YES,COMPLETED,0
H021,H-T628,TRD,OHE,B-C,2026-03-26,2026-04-06,3,6,11,2.6,3.8,3,0.58,YES,COMPLETED,6
H022,H-T973,S&T,Signal,B-C,2026-06-15,2026-06-17,10,5,14,1.5,1.2,0,0.58,YES,COMPLETED,0
H023,H-T556,S&T,Signal,B-C,2025-12-22,2026-01-02,6,5,1,2.1,2.5,3,0.58,YES,COMPLETED,1
H024,H-T254,TRD,OHE,C-D,2026-03-30,2026-04-09,6,7,12,2.7,2.2,2,0.41,YES,COMPLETED,2
H025,H-T497,Engineering,Track,B-C,2026-02-12,2026-02-14,10,3,5,1.4,2.0,4,0.58,YES,COMPLETED,8
H026,H-T387,S&T,Signal,E-F,2026-03-25,2026-03-26,6,5,14,2.0,2.7,3,0.28,YES,COMPLETED,4
H027,H-T309,TRD,OHE,D-E,2026-07-10,2026-07-11,8,9,12,1.6,1.4,0,0.34,YES,COMPLETED,1
H028,H-T185,TRD,OHE,C-D,2026-01-21,2026-02-02,9,4,8,3.2,3.5,5,0.41,YES,COMPLETED,0
H029,H-T426,Engineering,Track,D-E,2026-01-24,2026-02-08,7,4,10,2.6,2.6,1,0.34,YES,COMPLETED,0
H030,H-T468,S&T,Signal,B-C,2026-01-10,2026-01-13,10,3,12,2.7,2.5,0,0.58,YES,COMPLETED,2
H031,H-T977,S&T,Signal,E-F,2026-03-01,2026-03-12,10,8,6,3.2,4.1,3,0.28,YES,COMPLETED,2
H032,H-T728,S&T,Signal,D-E,2025-11-23,2025-12-08,4,9,8,1.3,1.1,2,0.34,YES,COMPLETED,1
H033,H-T759,TRD,OHE,E-F,2026-04-14,2026-04-29,7,9,4,3.8,3.8,5,0.28,YES,COMPLETED,0
H034,H-T617,Engineering,Track,E-F,2026-04-17,2026-04-26,7,7,9,1.2,1.4,4,0.28,NO,DEFERRED,4
H035,H-T303,TRD,OHE,B-C,2026-09-16,2026-09-19,6,4,14,2.3,2.5,3,0.58,YES,COMPLETED,3
H036,H-T916,S&T,Signal,D-E,2025-12-25,2025-12-26,10,6,7,1.5,1.2,4,0.34,YES,COMPLETED,2
H037,H-T173,S&T,Signal,C-D,2026-07-20,2026-07-29,9,9,13,2.3,1.9,4,0.41,YES,COMPLETED,1
H038,H-T823,S&T,Signal,A-B,2025-11-05,2025-11-20,7,9,0,3.6,4.6,2,0.72,YES,COMPLETED,9
H039,H-T804,TRD,OHE,C-D,2026-03-02,2026-03-11,10,3,2,2.2,1.8,3,0.41,YES,COMPLETED,2
H040,H-T925,TRD,OHE,D-E,2026-01-03,2026-01-10,7,5,5,1.9,1.9,3,0.34,YES,COMPLETED,2
H041,H-T190,S&T,Signal,A-B,2026-02-26,2026-03-09,10,6,7,1.1,1.4,1,0.72,YES,COMPLETED,3
H042,H-T845,TRD,OHE,A-B,2026-08-10,2026-08-23,9,9,2,2.3,2.0,4,0.72,NO,DEFERRED,0
H043,H-T808,Engineering,Track,D-E,2026-08-25,2026-09-08,6,5,2,2.3,2.0,2,0.34,YES,COMPLETED,1
H044,H-T438,Engineering,Track,C-D,2026-09-11,2026-09-22,6,8,9,2.3,1.9,4,0.41,YES,COMPLETED,1
H045,H-T483,TRD,OHE,B-C,2026-04-30,2026-05-13,9,7,4,1.5,1.3,4,0.58,YES,COMPLETED,3
H046,H-T969,TRD,OHE,D-E,2026-06-18,2026-06-22,8,7,9,2.3,2.7,3,0.34,YES,COMPLETED,3
H047,H-T433,S&T,Signal,A-B,2026-04-03,2026-04-09,8,3,6,4.0,5.5,3,0.72,YES,COMPLETED,13
H048,H-T621,S&T,Signal,D-E,2025-12-08,2025-12-18,7,3,8,2.4,2.7,5,0.34,YES,COMPLETED,2
H049,H-T177,Engineering,Track,C-D,2025-11-06,2025-11-18,5,6,1,2.8,2.9,0,0.41,YES,COMPLETED,2
H050,H-T922,S&T,Signal,C-D,2026-06-06,2026-06-14,7,7,9,2.8,3.7,1,0.41,NO,DEFERRED,4
H051,H-T846,S&T,Signal,B-C,2026-02-11,2026-02-26,3,3,13,2.6,3.5,5,0.58,YES,COMPLETED,5
H052,H-T884,TRD,OHE,B-C,2026-04-24,2026-04-30,7,4,3,1.2,1.3,1,0.58,YES,COMPLETED,1
H053,H-T881,S&T,Signal,A-B,2025-10-06,2025-10-19,9,3,7,3.3,4.7,3,0.72,YES,COMPLETED,7
H054,H-T267,S&T,Signal,A-B,2026-02-24,2026-03-10,7,7,5,3.2,3.7,4,0.72,NO,DEFERRED,2
H055,H-T391,S&T,Signal,D-E,2026-06-14,2026-06-21,3,5,14,3.1,4.5,2,0.34,YES,COMPLETED,3
H056,H-T362,TRD,OHE,A-B,2026-06-26,2026-07-08,3,9,6,2.5,2.7,2,0.72,YES,COMPLETED,0
H057,H-T805,Engineering,Track,A-B,2026-02-09,2026-02-21,10,4,7,1.8,2.3,4,0.72,YES,COMPLETED,2
H058,H-T399,TRD,OHE,B-C,2026-08-19,2026-09-01,9,4,9,2.5,2.5,3,0.58,YES,COMPLETED,1
H059,H-T611,Engineering,Track,E-F,2026-05-24,2026-05-28,6,10,2,2.9,3.2,0,0.28,YES,COMPLETED,0
H060,H-T504,S&T,Signal,B-C,2026-05-13,2026-05-16,6,5,0,3.2,4.5,3,0.58,YES,COMPLETED,13
H061,H-T249,S&T,Signal,E-F,2026-09-17,2026-09-26,5,5,6,3.0,4.4,4,0.28,YES,COMPLETED,15
H062,H-T858,S&T,Signal,C-D,2026-07-11,2026-07-21,6,9,11,2.7,3.5,2,0.41,NO,DEFERRED,0
H063,H-T460,Engineering,Track,A-B,2026-07-04,2026-07-08,4,4,9,1.1,1.6,3,0.72,YES,COMPLETED,0
H064,H-T279,TRD,OHE,E-F,2026-04-09,2026-04-18,8,10,12,1.9,2.1,5,0.28,YES,COMPLETED,0
H065,H-T733,TRD,OHE,C-D,2026-07-31,2026-08-03,4,7,7,3.2,3.2,1,0.41,NO,DEFERRED,1
H066,H-T963,S&T,Signal,D-E,2026-06-08,2026-06-23,4,5,3,3.0,3.6,3,0.34,YES,COMPLETED,13
H067,H-T726,TRD,OHE,D-E,2026-09-04,2026-09-13,5,7,4,2.0,2.3,5,0.34,NO,DEFERRED,3
H068,H-T223,TRD,OHE,C-D,2026-08-17,2026-08-18,7,3,6,1.7,2.1,1,0.41,YES,COMPLETED,2
H069,H-T639,TRD,OHE,E-F,2025-10-22,2025-11-05,9,9,1,3.3,4.1,0,0.28,YES,COMPLETED,6
H070,H-T203,S&T,Signal,C-D,2026-01-21,2026-01-31,8,7,15,3.5,3.1,5,0.41,YES,COMPLETED,2
H071,H-T320,Engineering,Track,A-B,2026-07-22,2026-08-04,8,10,15,3.3,4.1,4,0.72,YES,COMPLETED,9
H072,H-T919,TRD,OHE,C-D,2025-11-09,2025-11-23,3,4,2,2.0,2.6,1,0.41,YES,COMPLETED,9
H073,H-T733,S&T,Signal,C-D,2025-12-02,2025-12-09,3,5,5,2.7,3.3,5,0.41,YES,COMPLETED,12
H074,H-T831,Engineering,Track,D-E,2026-04-19,2026-05-01,7,5,14,3.6,5.4,1,0.34,YES,COMPLETED,2
H075,H-T286,TRD,OHE,B-C,2026-08-12,2026-08-17,5,7,8,1.9,2.5,1,0.58,YES,COMPLETED,7
H076,H-T346,S&T,Signal,C-D,2026-06-18,2026-06-27,3,5,6,3.3,2.6,0,0.41,YES,COMPLETED,0
H077,H-T249,Engineering,Track,C-D,2025-12-05,2025-12-20,8,8,4,2.0,2.8,0,0.41,YES,COMPLETED,12
H078,H-T484,TRD,OHE,A-B,2026-07-09,2026-07-20,10,3,3,3.1,3.8,3,0.72,YES,COMPLETED,9
H079,H-T861,TRD,OHE,C-D,2025-10-05,2025-10-18,3,7,1,3.4,4.0,2,0.41,YES,COMPLETED,8
H080,H-T132,S&T,Signal,C-D,2026-04-25,2026-05-09,6,6,11,2.4,3.2,0,0.41,YES,COMPLETED,4
H081,H-T187,TRD,OHE,D-E,2025-09-16,2025-09-28,9,5,5,3.6,4.3,3,0.34,YES,COMPLETED,9
H082,H-T250,Engineering,Track,C-D,2026-05-30,2026-06-01,8,6,0,1.9,2.2,3,0.41,YES,COMPLETED,0
H083,H-T881,TRD,OHE,D-E,2026-08-03,2026-08-11,3,9,5,2.2,3.1,3,0.34,YES,COMPLETED,13
H084,H-T953,TRD,OHE,E-F,2026-04-01,2026-04-05,8,8,6,1.7,1.5,1,0.28,YES,COMPLETED,1
H085,H-T210,TRD,OHE,E-F,2026-09-20,2026-09-25,7,8,13,2.6,2.5,0,0.28,YES,COMPLETED,0
H086,H-T871,S&T,Signal,C-D,2025-11-19,2025-11-29,4,10,3,2.3,3.3,5,0.41,NO,DEFERRED,2
H087,H-T411,S&T,Signal,B-C,2026-02-14,2026-02-17,8,6,7,1.5,1.6,1,0.58,YES,COMPLETED,0
H088,H-T682,TRD,OHE,A-B,2025-10-24,2025-10-28,10,5,11,2.5,2.7,0,0.72,YES,COMPLETED,3
H089,H-T553,S&T,Signal,B-C,2026-04-16,2026-04-27,10,9,11,1.7,2.0,1,0.58,YES,COMPLETED,1
H090,H-T197,TRD,OHE,A-B,2025-12-24,2026-01-08,10,7,1,3.6,4.3,0,0.72,YES,COMPLETED,14
H091,H-T394,TRD,OHE,D-E,2026-01-10,2026-01-18,3,8,7,2.9,2.9,2,0.34,YES,COMPLETED,0
H092,H-T414,S&T,Signal,A-B,2026-06-21,2026-06-24,6,4,7,1.9,2.6,3,0.72,YES,COMPLETED,9
H093,H-T611,Engineering,Track,D-E,2025-10-06,2025-10-15,7,10,8,1.9,2.0,5,0.34,NO,DEFERRED,1
H094,H-T492,Engineering,Track,A-B,2025-11-20,2025-11-27,3,3,11,1.4,1.2,4,0.72,YES,COMPLETED,0
H095,H-T855,TRD,OHE,D-E,2026-05-01,2026-05-13,3,6,14,3.0,4.2,3,0.34,YES,COMPLETED,10
H096,H-T234,Engineering,Track,E-F,2025-11-26,2025-12-08,7,6,14,3.7,3.1,3,0.28,YES,COMPLETED,2
H097,H-T932,TRD,OHE,E-F,2026-02-11,2026-02-16,8,3,9,2.9,4.2,5,0.28,YES,COMPLETED,11
H098,H-T108,S&T,Signal,B-C,2026-04-24,2026-04-28,4,7,3,1.5,1.6,4,0.58,YES,COMPLETED,2
H099,H-T925,Engineering,Track,C-D,2025-09-17,2025-10-02,3,5,2,3.2,3.7,4,0.41,YES,COMPLETED,2
H100,H-T234,Engineering,Track,A-B,2026-05-25,2026-06-06,8,6,15,3.6,5.2,2,0.72,YES,COMPLETED,2
H101,H-T357,S&T,Signal,E-F,2026-02-06,2026-02-14,3,5,13,3.1,3.8,2,0.28,NO,DEFERRED,2
H102,H-T570,Engineering,Track,C-D,2025-10-23,2025-11-01,4,4,11,2.8,4.1,0,0.41,YES,COMPLETED,9
H103,H-T381,S&T,Signal,D-E,2026-01-24,2026-01-25,7,5,6,1.2,1.5,4,0.34,YES,COMPLETED,0
H104,H-T177,S&T,Signal,B-C,2025-09-26,2025-10-10,5,5,8,3.9,5.6,4,0.58,YES,COMPLETED,2
H105,H-T375,TRD,OHE,A-B,2026-03-08,2026-03-21,7,5,12,3.2,4.5,1,0.72,YES,COMPLETED,9
H106,H-T520,TRD,OHE,D-E,2026-07-17,2026-07-25,10,6,1,3.2,3.1,3,0.34,YES,COMPLETED,1
H107,H-T269,S&T,Signal,E-F,2025-12-15,2025-12-30,4,10,0,1.4,1.2,3,0.28,YES,COMPLETED,2
H108,H-T167,Engineering,Track,B-C,2025-11-17,2025-11-24,4,9,2,3.7,4.2,1,0.58,YES,COMPLETED,0
H109,H-T682,TRD,OHE,A-B,2026-03-24,2026-03-31,5,3,5,2.6,3.8,5,0.72,YES,COMPLETED,11
H110,H-T668,S&T,Signal,E-F,2026-07-18,2026-07-23,8,9,7,3.5,2.9,5,0.28,YES,COMPLETED,3
H111,H-T843,TRD,OHE,A-B,2026-07-05,2026-07-20,3,7,13,3.0,3.9,1,0.72,NO,DEFERRED,3
H112,H-T639,S&T,Signal,C-D,2025-11-05,2025-11-13,7,8,3,3.6,3.7,5,0.41,YES,COMPLETED,2
H113,H-T211,S&T,Signal,C-D,2026-02-19,2026-03-02,7,10,9,3.4,5.0,4,0.41,YES,COMPLETED,5
H114,H-T468,TRD,OHE,A-B,2026-07-17,2026-07-19,10,5,14,2.8,3.1,0,0.72,YES,COMPLETED,3
H115,H-T290,Engineering,Track,E-F,2025-10-12,2025-10-26,6,9,2,2.0,1.9,1,0.28,YES,COMPLETED,3
H116,H-T863,TRD,OHE,C-D,2025-10-14,2025-10-18,8,4,11,2.4,2.0,1,0.41,YES,COMPLETED,3
H117,H-T116,S&T,Signal,A-B,2026-04-25,2026-04-26,8,9,10,2.2,2.3,5,0.72,YES,COMPLETED,3
H118,H-T957,Engineering,Track,C-D,2025-10-25,2025-11-06,10,9,10,3.2,4.6,3,0.41,YES,COMPLETED,12
H119,H-T800,Engineering,Track,B-C,2026-08-14,2026-08-17,10,8,13,2.0,2.3,0,0.58,NO,DEFERRED,1
H120,H-T814,Engineering,Track,A-B,2025-09-28,2025-10-02,5,9,10,2.5,3.4,5,0.72,YES,COMPLETED,12
H121,H-T475,Engineering,Track,A-B,2026-09-22,2026-09-25,10,4,2,2.3,2.6,1,0.72,YES,COMPLETED,3
H122,H-T397,S&T,Signal,D-E,2026-01-21,2026-02-01,7,7,12,1.4,2.0,4,0.34,YES,COMPLETED,14
H123,H-T306,S&T,Signal,B-C,2026-08-12,2026-08-13,10,4,0,1.9,2.1,3,0.58,YES,COMPLETED,3
H124,H-T653,TRD,OHE,C-D,2026-06-10,2026-06-25,10,8,15,2.4,3.4,1,0.41,YES,COMPLETED,14
H125,H-T142,Engineering,Track,C-D,2026-07-02,2026-07-03,4,4,12,2.2,2.0,3,0.41,NO,DEFERRED,5
H126,H-T513,S&T,Signal,D-E,2026-08-18,2026-08-24,4,8,15,2.1,2.8,1,0.34,YES,COMPLETED,6
H127,H-T678,S&T,Signal,B-C,2026-08-22,2026-09-01,7,4,12,2.7,2.2,3,0.58,YES,COMPLETED,2
H128,H-T344,TRD,OHE,E-F,2026-03-21,2026-03-25,3,10,14,2.3,3.0,2,0.28,YES,COMPLETED,6
H129,H-T926,S&T,Signal,C-D,2026-09-05,2026-09-18,10,3,7,1.6,1.5,2,0.41,YES,COMPLETED,1
H130,H-T729,S&T,Signal,A-B,2025-12-06,2025-12-09,7,10,2,3.9,5.7,4,0.72,YES,COMPLETED,15
H131,H-T465,Engineering,Track,D-E,2026-03-22,2026-04-01,9,8,4,3.2,3.8,5,0.34,YES,COMPLETED,7
H132,H-T756,TRD,OHE,D-E,2026-03-26,2026-04-08,5,10,9,1.1,1.2,5,0.34,YES,COMPLETED,2
H133,H-T807,S&T,Signal,E-F,2026-08-27,2026-09-06,8,8,9,3.3,4.1,5,0.28,YES,COMPLETED,2
H134,H-T782,TRD,OHE,E-F,2026-09-01,2026-09-16,5,4,10,1.2,1.7,1,0.28,YES,COMPLETED,1
H135,H-T764,S&T,Signal,E-F,2026-01-23,2026-01-26,3,7,7,2.0,1.7,3,0.28,YES,COMPLETED,1
H136,H-T830,S&T,Signal,B-C,2026-02-19,2026-02-28,4,4,7,3.4,4.9,1,0.58,YES,COMPLETED,7
H137,H-T375,Engineering,Track,C-D,2026-08-27,2026-08-31,9,8,14,2.7,2.2,3,0.41,YES,COMPLETED,3
H138,H-T121,Engineering,Track,C-D,2026-07-03,2026-07-05,7,5,0,3.3,3.8,3,0.41,NO,DEFERRED,2
H139,H-T639,S&T,Signal,A-B,2026-09-10,2026-09-25,4,3,2,3.9,4.8,2,0.72,YES,COMPLETED,14
H140,H-T411,TRD,OHE,B-C,2025-09-28,2025-10-01,4,7,2,3.8,3.5,4,0.58,YES,COMPLETED,3
H141,H-T156,S&T,Signal,A-B,2026-03-30,2026-04-07,9,6,6,2.9,4.2,0,0.72,YES,COMPLETED,11
H142,H-T255,S&T,Signal,A-B,2026-07-22,2026-08-04,5,4,4,2.3,2.4,3,0.72,YES,COMPLETED,2
H143,H-T475,TRD,OHE,C-D,2026-06-01,2026-06-11,7,4,15,2.6,3.6,4,0.41,YES,COMPLETED,2
H144,H-T618,S&T,Signal,C-D,2026-06-22,2026-07-02,3,6,7,3.5,3.1,1,0.41,YES,COMPLETED,1
H145,H-T365,TRD,OHE,A-B,2025-09-22,2025-10-04,10,3,11,2.1,2.8,2,0.72,YES,COMPLETED,2
H146,H-T765,S&T,Signal,A-B,2026-06-02,2026-06-17,7,3,8,1.2,1.2,5,0.72,YES,COMPLETED,1
H147,H-T579,S&T,Signal,A-B,2026-03-11,2026-03-24,5,6,8,3.5,4.8,5,0.72,NO,DEFERRED,1
H148,H-T307,S&T,Signal,B-C,2026-09-01,2026-09-06,3,3,11,3.5,4.8,3,0.58,YES,COMPLETED,8
H149,H-T673,S&T,Signal,E-F,2026-09-13,2026-09-18,5,6,3,3.8,5.1,4,0.28,YES,COMPLETED,2
H150,H-T437,Engineering,Track,E-F,2026-04-11,2026-04-25,6,9,2,1.6,1.8,4,0.28,YES,COMPLETED,1
H151,H-T392,Engineering,Track,A-B,2026-06-20,2026-06-27,6,3,0,2.3,2.2,4,0.72,YES,COMPLETED,1
H152,H-T369,S&T,Signal,E-F,2026-08-25,2026-09-09,6,10,1,2.6,3.3,1,0.28,YES,COMPLETED,4
H153,H-T287,Engineering,Track,D-E,2025-11-22,2025-11-26,9,10,2,1.1,1.6,1,0.34,NO,DEFERRED,5
H154,H-T315,Engineering,Track,D-E,2026-03-19,2026-03-22,5,4,3,2.0,2.6,5,0.34,YES,COMPLETED,7
H155,H-T583,TRD,OHE,D-E,2026-09-05,2026-09-15,3,6,14,2.0,1.7,3,0.34,YES,COMPLETED,0
H156,H-T259,TRD,OHE,E-F,2025-11-27,2025-11-28,9,4,5,2.6,3.2,2,0.28,YES,COMPLETED,3
H157,H-T115,S&T,Signal,B-C,2025-11-13,2025-11-27,4,8,2,1.9,2.8,0,0.58,NO,DEFERRED,5
H158,H-T357,TRD,OHE,B-C,2025-12-18,2025-12-26,10,6,10,2.6,2.7,1,0.58,YES,COMPLETED,0
H159,H-T151,Engineering,Track,A-B,2026-08-26,2026-09-01,6,5,3,3.2,3.2,1,0.72,NO,DEFERRED,1
H160,H-T312,TRD,OHE,B-C,2026-02-04,2026-02-06,10,4,15,3.5,4.8,2,0.58,YES,COMPLETED,11
H161,H-T838,Engineering,Track,C-D,2026-04-28,2026-05-04,5,9,12,3.8,4.6,1,0.41,YES,COMPLETED,7
H162,H-T426,Engineering,Track,E-F,2025-10-24,2025-10-30,3,10,8,3.6,4.2,3,0.28,YES,COMPLETED,12
H163,H-T804,S&T,Signal,E-F,2026-06-09,2026-06-12,5,5,11,1.1,1.1,0,0.28,YES,COMPLETED,1
H164,H-T237,S&T,Signal,C-D,2026-04-10,2026-04-25,8,9,11,1.4,1.9,2,0.41,YES,COMPLETED,0
H165,H-T667,Engineering,Track,E-F,2026-01-10,2026-01-12,9,10,11,2.4,1.9,2,0.28,YES,COMPLETED,2
H166,H-T342,Engineering,Track,C-D,2026-05-19,2026-05-29,10,4,7,2.3,2.2,0,0.41,YES,COMPLETED,1
H167,H-T795,S&T,Signal,B-C,2026-05-23,2026-05-28,7,5,7,1.7,2.3,2,0.58,YES,COMPLETED,11
H168,H-T438,Engineering,Track,C-D,2025-10-07,2025-10-12,3,7,14,2.7,2.3,2,0.41,YES,COMPLETED,3
H169,H-T380,TRD,OHE,A-B,2026-06-11,2026-06-16,9,6,7,1.2,1.2,3,0.72,NO,DEFERRED,0
H170,H-T397,Engineering,Track,E-F,2025-10-13,2025-10-23,6,10,2,2.9,3.5,3,0.28,YES,COMPLETED,14
H171,H-T671,Engineering,Track,C-D,2026-01-08,2026-01-12,9,8,10,2.9,2.5,2,0.41,YES,COMPLETED,3
H172,H-T876,Engineering,Track,C-D,2026-02-06,2026-02-12,6,5,3,2.3,2.0,0,0.41,NO,DEFERRED,1
H173,H-T502,S&T,Signal,C-D,2026-07-16,2026-07-28,8,8,12,2.8,3.5,4,0.41,YES,COMPLETED,6
H174,H-T487,TRD,OHE,B-C,2026-01-26,2026-02-02,5,10,12,3.1,4.6,1,0.58,YES,COMPLETED,2
H175,H-T550,TRD,OHE,B-C,2026-04-29,2026-05-07,3,9,7,2.3,2.6,1,0.58,YES,COMPLETED,2
H176,H-T227,Engineering,Track,B-C,2026-08-10,2026-08-22,4,9,6,1.4,1.1,5,0.58,YES,COMPLETED,3
H177,H-T331,Engineering,Track,A-B,2026-05-19,2026-05-25,9,3,12,1.9,2.8,5,0.72,YES,COMPLETED,8
H178,H-T955,Engineering,Track,B-C,2025-11-22,2025-11-24,5,3,14,2.7,3.6,4,0.58,YES,COMPLETED,13
H179,H-T833,S&T,Signal,E-F,2026-09-03,2026-09-13,5,3,11,2.6,2.7,4,0.28,YES,COMPLETED,2
H180,H-T607,TRD,OHE,A-B,2026-03-24,2026-03-30,6,8,5,2.3,1.9,2,0.72,NO,DEFERRED,4
H181,H-T139,TRD,OHE,B-C,2026-05-12,2026-05-19,4,5,2,2.4,2.8,1,0.58,YES,COMPLETED,3
H182,H-T432,TRD,OHE,E-F,2025-12-25,2026-01-06,8,8,0,3.7,3.7,2,0.28,YES,COMPLETED,2
H183,H-T518,TRD,OHE,C-D,2026-08-03,2026-08-15,7,10,5,1.9,1.7,4,0.41,YES,COMPLETED,1
H184,H-T468,Engineering,Track,D-E,2025-10-07,2025-10-21,6,6,2,3.2,3.2,1,0.34,YES,COMPLETED,2
H185,H-T432,Engineering,Track,C-D,2026-08-10,2026-08-16,10,5,8,3.9,3.5,1,0.41,YES,COMPLETED,3
H186,H-T582,TRD,OHE,D-E,2025-11-22,2025-12-05,8,3,10,2.8,4.1,2,0.34,YES,COMPLETED,5
H187,H-T243,S&T,Signal,E-F,2026-07-22,2026-08-04,8,10,13,3.4,3.6,1,0.28,YES,COMPLETED,0
H188,H-T383,Engineering,Track,B-C,2026-03-28,2026-03-29,8,8,12,1.1,1.4,0,0.58,YES,COMPLETED,0
H189,H-T548,S&T,Signal,A-B,2026-01-02,2026-01-15,6,6,13,2.7,2.3,2,0.72,NO,DEFERRED,0
H190,H-T921,S&T,Signal,A-B,2026-07-25,2026-07-31,4,7,5,2.4,2.2,1,0.72,NO,DEFERRED,0
H191,H-T773,Engineering,Track,E-F,2025-10-28,2025-11-09,4,7,14,2.4,2.6,3,0.28,YES,COMPLETED,1
H192,H-T672,TRD,OHE,B-C,2026-01-31,2026-02-04,6,4,14,2.8,2.6,4,0.58,YES,COMPLETED,0
H193,H-T758,Engineering,Track,C-D,2026-02-08,2026-02-15,9,4,8,3.2,2.8,5,0.41,YES,COMPLETED,1
H194,H-T461,Engineering,Track,D-E,2025-09-22,2025-10-05,10,10,14,2.1,2.9,2,0.34,YES,COMPLETED,7
H195,H-T674,S&T,Signal,B-C,2026-04-03,2026-04-14,10,4,8,3.3,3.5,0,0.58,YES,COMPLETED,3
H196,H-T127,Engineering,Track,A-B,2025-11-15,2025-11-17,3,9,11,2.8,3.7,0,0.72,YES,COMPLETED,7
H197,H-T171,Engineering,Track,C-D,2026-04-16,2026-04-25,5,5,4,3.0,3.0,0,0.41,YES,COMPLETED,2
H198,H-T955,S&T,Signal,A-B,2026-03-09,2026-03-21,8,8,7,3.4,3.5,1,0.72,YES,COMPLETED,3
H199,H-T744,Engineering,Track,D-E,2025-10-25,2025-11-03,9,10,2,3.0,4.0,1,0.34,YES,COMPLETED,6
H200,H-T907,TRD,OHE,B-C,2026-03-13,2026-03-18,10,6,1,1.2,1.0,0,0.58,YES,COMPLETED,3
H201,H-T113,TRD,OHE,A-B,2025-11-12,2025-11-27,10,10,12,1.4,1.4,0,0.72,YES,COMPLETED,1
H202,H-T775,TRD,OHE,B-C,2025-11-14,2025-11-27,4,8,13,2.1,3.0,0,0.58,YES,COMPLETED,9
H203,H-T843,Engineering,Track,B-C,2025-12-20,2025-12-25,6,8,9,3.4,3.4,0,0.58,YES,COMPLETED,0
H204,H-T973,S&T,Signal,A-B,2026-06-08,2026-06-19,4,5,13,1.6,1.9,0,0.72,YES,COMPLETED,0
H205,H-T209,TRD,OHE,A-B,2026-06-28,2026-07-01,4,9,6,1.4,1.3,4,0.72,YES,COMPLETED,2
H206,H-T669,TRD,OHE,E-F,2026-03-22,2026-04-03,10,3,9,2.3,2.3,5,0.28,YES,COMPLETED,0
H207,H-T218,S&T,Signal,D-E,2026-07-08,2026-07-15,6,8,8,3.7,4.7,0,0.34,YES,COMPLETED,5
H208,H-T182,TRD,OHE,E-F,2025-10-05,2025-10-13,8,10,11,1.3,1.7,0,0.28,YES,COMPLETED,1
H209,H-T368,Engineering,Track,C-D,2026-05-30,2026-06-07,9,4,6,2.8,2.4,0,0.41,YES,COMPLETED,1
H210,H-T104,S&T,Signal,B-C,2026-04-20,2026-04-26,10,7,15,3.7,4.4,5,0.58,YES,COMPLETED,4
H211,H-T105,Engineering,Track,C-D,2026-07-11,2026-07-21,5,7,5,3.3,3.9,0,0.41,YES,COMPLETED,15
H212,H-T942,TRD,OHE,D-E,2026-02-27,2026-03-05,10,10,7,3.7,4.0,1,0.34,YES,COMPLETED,2
H213,H-T309,S&T,Signal,E-F,2026-01-26,2026-01-28,8,9,3,2.9,2.6,0,0.28,YES,COMPLETED,2
H214,H-T144,TRD,OHE,D-E,2026-05-11,2026-05-21,6,9,0,1.7,1.4,4,0.34,YES,COMPLETED,3
H215,H-T372,S&T,Signal,D-E,2026-07-12,2026-07-16,6,10,3,1.9,1.8,4,0.34,YES,COMPLETED,3
H216,H-T228,S&T,Signal,D-E,2026-01-12,2026-01-23,9,10,9,3.1,3.9,4,0.34,NO,DEFERRED,5
H217,H-T465,S&T,Signal,E-F,2026-01-02,2026-01-08,5,5,1,3.1,3.8,3,0.28,YES,COMPLETED,8
H218,H-T357,TRD,OHE,E-F,2026-04-08,2026-04-16,9,6,4,3.8,3.2,1,0.28,YES,COMPLETED,2
H219,H-T987,TRD,OHE,A-B,2025-11-02,2025-11-08,10,8,7,2.0,2.2,0,0.72,YES,COMPLETED,0
H220,H-T397,S&T,Signal,A-B,2026-06-25,2026-07-10,6,6,0,3.4,4.0,0,0.72,YES,COMPLETED,3
H221,H-T950,Engineering,Track,D-E,2026-03-06,2026-03-11,7,5,2,2.9,3.3,1,0.34,YES,COMPLETED,3
H222,H-T389,TRD,OHE,E-F,2026-01-15,2026-01-27,8,10,3,1.5,1.6,0,0.28,YES,COMPLETED,3
H223,H-T422,TRD,OHE,E-F,2026-08-31,2026-09-01,3,3,4,3.1,2.5,3,0.28,YES,COMPLETED,2
H224,H-T145,S&T,Signal,A-B,2026-04-18,2026-05-03,6,5,14,3.3,4.0,3,0.72,YES,COMPLETED,4
H225,H-T198,TRD,OHE,B-C,2026-01-07,2026-01-10,4,4,5,1.1,1.4,2,0.58,YES,COMPLETED,2
H226,H-T536,Engineering,Track,C-D,2026-04-23,2026-04-25,8,8,15,3.9,3.7,0,0.41,YES,COMPLETED,3
H227,H-T967,S&T,Signal,B-C,2025-10-06,2025-10-20,10,8,0,3.3,4.9,3,0.58,YES,COMPLETED,5
H228,H-T956,TRD,OHE,C-D,2026-01-06,2026-01-08,6,9,12,3.0,3.6,1,0.41,YES,COMPLETED,3
H229,H-T529,Engineering,Track,B-C,2026-05-11,2026-05-16,9,4,13,2.2,2.2,5,0.58,YES,COMPLETED,1
H230,H-T591,Engineering,Track,A-B,2026-02-22,2026-02-24,6,5,10,3.0,3.7,0,0.72,YES,COMPLETED,2
H231,H-T345,S&T,Signal,B-C,2026-01-15,2026-01-30,10,5,7,2.5,3.1,5,0.58,NO,DEFERRED,2
H232,H-T466,S&T,Signal,A-B,2026-03-25,2026-04-07,3,9,8,1.8,2.2,1,0.72,YES,COMPLETED,2
H233,H-T296,Engineering,Track,D-E,2026-05-31,2026-06-02,4,7,0,2.6,3.9,4,0.34,YES,COMPLETED,14
H234,H-T485,Engineering,Track,D-E,2025-11-16,2025-11-23,8,6,2,1.4,1.7,0,0.34,YES,COMPLETED,2
H235,H-T999,Engineering,Track,C-D,2025-10-30,2025-11-14,3,4,9,1.6,1.6,5,0.41,NO,DEFERRED,2
H236,H-T230,TRD,OHE,A-B,2025-10-05,2025-10-18,4,7,9,1.5,1.3,4,0.72,YES,COMPLETED,3
H237,H-T654,S&T,Signal,A-B,2026-07-28,2026-08-06,9,8,6,3.0,4.3,4,0.72,YES,COMPLETED,12
H238,H-T211,TRD,OHE,D-E,2026-01-27,2026-02-03,4,4,6,1.6,2.4,0,0.34,YES,COMPLETED,3
H239,H-T840,TRD,OHE,D-E,2025-09-27,2025-10-03,9,7,12,2.4,2.3,3,0.34,NO,DEFERRED,5
H240,H-T389,Engineering,Track,B-C,2026-06-27,2026-07-11,5,10,6,1.2,1.5,2,0.58,YES,COMPLETED,2
H241,H-T385,Engineering,Track,B-C,2026-08-16,2026-08-24,7,4,6,2.1,2.4,1,0.58,YES,COMPLETED,1
H242,H-T896,Engineering,Track,C-D,2026-07-24,2026-08-02,4,9,8,2.0,2.1,0,0.41,YES,COMPLETED,1
H243,H-T846,S&T,Signal,D-E,2026-01-04,2026-01-06,10,3,9,3.4,3.8,0,0.34,YES,COMPLETED,3
H244,H-T119,S&T,Signal,C-D,2026-08-16,2026-08-23,8,3,9,1.4,1.7,2,0.41,YES,COMPLETED,1
H245,H-T485,TRD,OHE,D-E,2025-11-13,2025-11-28,6,7,13,2.5,2.6,0,0.34,YES,COMPLETED,2
H246,H-T821,Engineering,Track,A-B,2026-01-24,2026-01-25,9,8,10,3.6,5.3,2,0.72,YES,COMPLETED,11
H247,H-T910,TRD,OHE,C-D,2026-06-01,2026-06-11,5,10,0,1.6,1.7,4,0.41,YES,COMPLETED,2
H248,H-T807,TRD,OHE,E-F,2025-12-04,2025-12-17,10,4,10,3.6,4.8,5,0.28,YES,COMPLETED,10
H249,H-T877,Engineering,Track,C-D,2026-04-23,2026-05-01,8,5,7,1.0,1.4,1,0.41,YES,COMPLETED,2
H250,H-T637,S&T,Signal,E-F,2026-04-01,2026-04-03,9,6,13,1.0,1.2,4,0.28,YES,COMPLETED,0
H251,H-T267,Engineering,Track,C-D,2025-10-15,2025-10-28,8,3,0,1.1,1.5,4,0.41,YES,COMPLETED,3
H252,H-T260,S&T,Signal,A-B,2026-04-29,2026-05-05,4,6,11,1.9,2.2,5,0.72,YES,COMPLETED,0
H253,H-T544,S&T,Signal,D-E,2025-11-11,2025-11-13,7,7,8,2.8,3.4,4,0.34,YES,COMPLETED,12
H254,H-T664,TRD,OHE,E-F,2026-02-05,2026-02-09,8,9,4,1.3,1.7,0,0.28,NO,DEFERRED,2
H255,H-T696,S&T,Signal,B-C,2026-02-28,2026-03-04,10,6,0,2.6,2.1,4,0.58,YES,COMPLETED,0
H256,H-T516,Engineering,Track,B-C,2025-09-28,2025-10-13,8,9,10,3.1,2.6,4,0.58,YES,COMPLETED,0
H257,H-T242,Engineering,Track,D-E,2025-11-07,2025-11-21,7,4,0,2.8,3.3,0,0.34,YES,COMPLETED,1
H258,H-T966,TRD,OHE,A-B,2026-01-13,2026-01-25,3,4,4,2.7,3.6,4,0.72,YES,COMPLETED,13
H259,H-T562,TRD,OHE,E-F,2026-06-29,2026-07-04,8,6,5,3.0,3.6,2,0.28,NO,DEFERRED,3
H260,H-T735,S&T,Signal,A-B,2026-04-05,2026-04-20,7,4,9,2.8,3.2,5,0.72,YES,COMPLETED,0
H261,H-T408,S&T,Signal,E-F,2026-08-24,2026-09-07,8,6,7,3.9,3.3,5,0.28,NO,DEFERRED,4
H262,H-T167,TRD,OHE,E-F,2026-02-07,2026-02-22,10,8,1,1.2,1.5,3,0.28,YES,COMPLETED,0
H263,H-T766,TRD,OHE,A-B,2026-04-02,2026-04-17,3,5,2,3.4,2.9,2,0.72,YES,COMPLETED,2
H264,H-T703,TRD,OHE,E-F,2026-02-05,2026-02-14,8,10,14,1.5,1.6,0,0.28,YES,COMPLETED,2
H265,H-T380,TRD,OHE,A-B,2026-04-01,2026-04-02,5,8,1,3.2,3.7,5,0.72,YES,COMPLETED,2
H266,H-T222,S&T,Signal,C-D,2026-06-03,2026-06-12,9,8,5,1.4,1.4,4,0.41,YES,COMPLETED,3
H267,H-T284,S&T,Signal,E-F,2026-05-19,2026-05-31,3,5,3,2.9,2.4,2,0.28,YES,COMPLETED,1
H268,H-T291,S&T,Signal,E-F,2026-08-29,2026-09-08,3,3,13,2.8,4.0,3,0.28,NO,DEFERRED,3
H269,H-T849,Engineering,Track,D-E,2026-07-31,2026-08-08,9,10,7,1.7,1.6,3,0.34,NO,DEFERRED,1
H270,H-T175,S&T,Signal,E-F,2026-02-11,2026-02-19,10,5,11,2.8,3.5,2,0.28,YES,COMPLETED,12
H271,H-T526,TRD,OHE,D-E,2026-05-25,2026-05-30,4,5,7,3.6,5.2,4,0.34,NO,DEFERRED,1
H272,H-T209,TRD,OHE,D-E,2026-08-27,2026-09-05,5,5,4,2.2,2.7,1,0.34,YES,COMPLETED,1
H273,H-T576,S&T,Signal,D-E,2025-11-13,2025-11-15,6,5,3,3.2,3.3,2,0.34,YES,COMPLETED,3
H274,H-T143,Engineering,Track,E-F,2026-04-02,2026-04-08,10,5,14,3.6,3.2,4,0.28,YES,COMPLETED,3
H275,H-T464,Engineering,Track,D-E,2026-08-20,2026-08-30,8,6,8,2.5,2.7,4,0.34,NO,DEFERRED,0
H276,H-T238,TRD,OHE,D-E,2026-08-11,2026-08-23,3,5,0,3.2,3.7,2,0.34,NO,DEFERRED,5
H277,H-T657,S&T,Signal,D-E,2026-04-17,2026-04-24,6,3,13,1.0,1.3,0,0.34,YES,COMPLETED,3
H278,H-T239,S&T,Signal,B-C,2026-05-19,2026-05-21,7,7,2,1.7,1.6,1,0.58,YES,COMPLETED,0
H279,H-T353,TRD,OHE,B-C,2025-12-01,2025-12-14,10,10,4,3.2,4.2,5,0.58,YES,COMPLETED,2
H280,H-T276,S&T,Signal,D-E,2026-05-14,2026-05-23,5,6,5,2.8,4.0,3,0.34,YES,COMPLETED,12
H281,H-T764,Engineering,Track,C-D,2026-02-09,2026-02-22,5,10,12,3.6,5.3,3,0.41,NO,DEFERRED,2
H282,H-T146,TRD,OHE,D-E,2026-03-22,2026-03-28,8,5,0,2.3,2.0,4,0.34,YES,COMPLETED,0
H283,H-T552,TRD,OHE,A-B,2025-11-08,2025-11-12,7,5,13,1.1,1.5,1,0.72,YES,COMPLETED,0
H284,H-T655,Engineering,Track,B-C,2025-11-09,2025-11-20,10,8,1,4.0,5.2,2,0.58,YES,COMPLETED,5
H285,H-T801,Engineering,Track,D-E,2025-11-05,2025-11-19,5,7,4,3.1,3.0,3,0.34,NO,DEFERRED,0
H286,H-T766,Engineering,Track,E-F,2026-04-01,2026-04-05,10,6,5,3.9,3.6,4,0.28,NO,DEFERRED,2
H287,H-T624,TRD,OHE,E-F,2025-11-22,2025-11-25,10,8,5,1.2,1.1,5,0.28,YES,COMPLETED,1
H288,H-T790,S&T,Signal,E-F,2026-05-25,2026-06-09,10,5,12,2.1,2.0,3,0.28,YES,COMPLETED,2
H289,H-T426,TRD,OHE,E-F,2026-06-17,2026-06-21,9,3,11,3.6,5.3,3,0.28,YES,COMPLETED,13
H290,H-T270,S&T,Signal,A-B,2025-10-02,2025-10-03,3,6,14,3.3,4.0,1,0.72,YES,COMPLETED,13
H291,H-T586,S&T,Signal,C-D,2026-09-17,2026-09-21,5,6,0,1.3,1.3,4,0.41,YES,COMPLETED,0
H292,H-T500,TRD,OHE,D-E,2026-05-16,2026-05-30,5,4,15,1.7,2.0,2,0.34,YES,COMPLETED,0
H293,H-T692,Engineering,Track,E-F,2026-07-30,2026-08-01,8,4,8,3.7,4.0,0,0.28,YES,COMPLETED,1
H294,H-T762,TRD,OHE,B-C,2026-05-29,2026-06-11,4,10,6,1.2,1.5,2,0.58,YES,COMPLETED,3
H295,H-T801,S&T,Signal,B-C,2026-03-18,2026-03-23,5,9,9,1.7,1.7,1,0.58,YES,COMPLETED,2
H296,H-T421,Engineering,Track,A-B,2026-06-12,2026-06-20,9,5,9,1.1,1.4,1,0.72,YES,COMPLETED,2
H297,H-T677,S&T,Signal,D-E,2025-11-20,2025-11-22,4,4,13,1.2,1.7,1,0.34,YES,COMPLETED,0
H298,H-T497,S&T,Signal,B-C,2026-08-07,2026-08-13,6,6,11,1.4,2.0,2,0.58,YES,COMPLETED,3
H299,H-T902,Engineering,Track,D-E,2025-12-25,2025-12-30,10,7,1,3.2,4.0,5,0.34,NO,DEFERRED,1
H300,H-T916,TRD,OHE,A-B,2025-12-10,2025-12-24,3,6,11,3.8,3.4,5,0.72,YES,COMPLETED,2
H301,H-T355,S&T,Signal,C-D,2026-03-26,2026-04-07,7,6,0,3.6,3.6,3,0.41,YES,COMPLETED,1
H302,H-T808,TRD,OHE,C-D,2026-04-24,2026-04-27,3,3,8,2.4,3.2,1,0.41,YES,COMPLETED,4
H303,H-T784,Engineering,Track,B-C,2025-10-19,2025-10-27,5,6,14,2.7,3.5,2,0.58,YES,COMPLETED,8
H304,H-T933,S&T,Signal,B-C,2025-10-25,2025-11-04,3,9,10,2.3,2.2,4,0.58,YES,COMPLETED,3
H305,H-T132,TRD,OHE,D-E,2026-03-23,2026-04-05,3,7,5,2.5,3.5,4,0.34,YES,COMPLETED,9
H306,H-T899,Engineering,Track,C-D,2026-04-25,2026-05-01,3,9,2,4.0,4.7,2,0.41,YES,COMPLETED,7
H307,H-T911,S&T,Signal,D-E,2025-12-10,2025-12-16,3,9,0,2.0,2.0,3,0.34,YES,COMPLETED,1
H308,H-T772,S&T,Signal,E-F,2026-01-22,2026-01-23,3,7,9,3.7,4.5,0,0.28,YES,COMPLETED,10
H309,H-T400,TRD,OHE,E-F,2026-05-02,2026-05-07,4,6,8,2.2,2.0,3,0.28,YES,COMPLETED,3
H310,H-T349,S&T,Signal,D-E,2026-01-11,2026-01-21,10,3,11,1.8,2.4,2,0.34,NO,DEFERRED,1
H311,H-T990,TRD,OHE,E-F,2025-12-18,2025-12-31,10,3,13,3.7,3.8,3,0.28,YES,COMPLETED,0
H312,H-T657,TRD,OHE,A-B,2025-10-11,2025-10-18,6,9,10,3.6,4.3,5,0.72,NO,DEFERRED,0
H313,H-T226,Engineering,Track,A-B,2026-01-29,2026-02-05,3,8,9,3.3,4.6,5,0.72,YES,COMPLETED,14
H314,H-T575,S&T,Signal,B-C,2026-07-17,2026-07-31,8,6,7,1.4,1.2,0,0.58,YES,COMPLETED,2
H315,H-T870,TRD,OHE,E-F,2026-02-08,2026-02-22,3,4,12,1.5,1.8,3,0.28,YES,COMPLETED,3
H316,H-T317,S&T,Signal,E-F,2026-05-18,2026-05-26,10,6,3,4.0,4.0,1,0.28,NO,DEFERRED,3
H317,H-T169,S&T,Signal,C-D,2026-02-12,2026-02-16,5,7,6,3.1,2.5,1,0.41,YES,COMPLETED,0
H318,H-T563,S&T,Signal,D-E,2025-09-22,2025-10-06,6,3,0,3.6,4.4,0,0.34,YES,COMPLETED,12
H319,H-T794,TRD,OHE,D-E,2026-01-25,2026-02-08,4,5,7,1.8,1.7,4,0.34,YES,COMPLETED,0
H320,H-T282,Engineering,Track,A-B,2025-10-06,2025-10-09,5,3,6,3.6,2.9,5,0.72,YES,COMPLETED,3
H321,H-T388,TRD,OHE,C-D,2026-01-05,2026-01-06,4,7,10,3.6,4.1,4,0.41,YES,COMPLETED,3
H322,H-T348,Engineering,Track,E-F,2026-09-18,2026-09-19,9,5,5,3.9,3.3,4,0.28,NO,DEFERRED,2
H323,H-T737,S&T,Signal,C-D,2025-10-08,2025-10-17,7,9,8,3.0,4.0,4,0.41,YES,COMPLETED,14
H324,H-T194,TRD,OHE,D-E,2026-09-16,2026-09-27,6,8,9,1.3,1.7,0,0.34,YES,COMPLETED,0
H325,H-T839,S&T,Signal,B-C,2026-03-23,2026-03-24,3,6,15,3.1,2.9,3,0.58,NO,DEFERRED,4
H326,H-T584,TRD,OHE,A-B,2026-03-20,2026-04-01,7,8,11,3.7,5.5,1,0.72,YES,COMPLETED,11
H327,H-T895,Engineering,Track,C-D,2026-08-12,2026-08-17,7,10,2,2.4,3.6,1,0.41,YES,COMPLETED,10
H328,H-T445,TRD,OHE,A-B,2026-02-26,2026-03-06,8,3,10,3.5,3.9,3,0.72,YES,COMPLETED,3
H329,H-T739,S&T,Signal,A-B,2025-10-01,2025-10-10,7,9,1,2.9,4.3,2,0.72,YES,COMPLETED,11
H330,H-T309,S&T,Signal,B-C,2025-10-01,2025-10-14,4,7,5,1.1,1.4,2,0.58,YES,COMPLETED,1
H331,H-T535,S&T,Signal,C-D,2026-08-17,2026-08-30,10,9,11,2.3,2.2,3,0.41,YES,COMPLETED,0
H332,H-T523,S&T,Signal,D-E,2026-05-20,2026-05-28,3,7,6,2.7,3.9,1,0.34,YES,COMPLETED,5
H333,H-T274,TRD,OHE,A-B,2026-06-13,2026-06-23,8,8,0,1.8,1.9,1,0.72,YES,COMPLETED,3
H334,H-T540,TRD,OHE,B-C,2025-09-30,2025-10-14,4,6,0,3.3,4.0,1,0.58,YES,COMPLETED,14
H335,H-T310,TRD,OHE,E-F,2026-03-10,2026-03-21,3,5,3,3.5,4.0,3,0.28,YES,COMPLETED,2
H336,H-T677,Engineering,Track,A-B,2026-02-19,2026-02-27,3,10,12,3.8,5.1,0,0.72,YES,COMPLETED,10
H337,H-T471,Engineering,Track,A-B,2026-05-23,2026-05-24,3,9,11,2.6,3.8,0,0.72,YES,COMPLETED,2
H338,H-T782,S&T,Signal,D-E,2026-09-12,2026-09-25,4,5,13,2.7,4.0,0,0.34,NO,DEFERRED,0
H339,H-T246,Engineering,Track,C-D,2025-10-08,2025-10-18,10,5,2,2.0,1.9,5,0.41,YES,COMPLETED,0
H340,H-T241,TRD,OHE,C-D,2026-04-10,2026-04-13,3,10,11,1.9,1.9,3,0.41,YES,COMPLETED,0
H341,H-T877,TRD,OHE,B-C,2025-10-30,2025-11-08,5,9,9,1.1,1.1,3,0.58,YES,COMPLETED,1
H342,H-T399,TRD,OHE,D-E,2026-07-03,2026-07-04,4,8,10,1.3,1.4,5,0.34,YES,COMPLETED,3
H343,H-T372,Engineering,Track,A-B,2026-01-29,2026-02-06,6,5,10,3.4,4.0,0,0.72,YES,COMPLETED,4
H344,H-T557,S&T,Signal,B-C,2026-08-21,2026-09-04,10,6,11,3.4,3.2,1,0.58,YES,COMPLETED,0
H345,H-T101,TRD,OHE,A-B,2025-10-17,2025-10-28,5,5,13,3.4,4.2,4,0.72,YES,COMPLETED,12
H346,H-T584,TRD,OHE,C-D,2026-03-25,2026-03-31,6,10,8,3.1,2.8,0,0.41,YES,COMPLETED,1
H347,H-T931,Engineering,Track,C-D,2025-11-16,2025-11-26,3,9,0,3.2,3.5,3,0.41,NO,DEFERRED,0
H348,H-T148,TRD,OHE,B-C,2026-04-08,2026-04-11,4,3,2,3.0,2.7,0,0.58,YES,COMPLETED,1
H349,H-T925,Engineering,Track,D-E,2026-01-04,2026-01-19,4,9,3,2.8,4.0,4,0.34,YES,COMPLETED,7
H350,H-T749,S&T,Signal,E-F,2026-07-09,2026-07-19,4,5,15,3.9,5.0,1,0.28,YES,COMPLETED,5
H351,H-T729,TRD,OHE,D-E,2025-11-18,2025-11-26,10,8,2,1.2,1.2,3,0.34,YES,COMPLETED,2
H352,H-T906,S&T,Signal,B-C,2026-03-09,2026-03-18,8,8,5,1.9,1.8,0,0.58,YES,COMPLETED,1
H353,H-T510,Engineering,Track,B-C,2025-12-08,2025-12-19,7,6,1,1.6,2.3,4,0.58,YES,COMPLETED,8
H354,H-T244,TRD,OHE,E-F,2026-07-22,2026-08-01,4,6,6,2.7,3.5,5,0.28,NO,DEFERRED,5
H355,H-T302,S&T,Signal,B-C,2026-02-22,2026-03-09,6,3,12,3.2,3.5,4,0.58,NO,DEFERRED,4
H356,H-T968,TRD,OHE,E-F,2025-12-09,2025-12-14,10,6,15,1.3,1.6,4,0.28,YES,COMPLETED,2
H357,H-T628,TRD,OHE,B-C,2026-01-27,2026-02-11,3,4,14,3.8,5.6,2,0.58,YES,COMPLETED,3
H358,H-T896,Engineering,Track,C-D,2026-06-16,2026-06-26,7,5,14,2.6,2.2,4,0.41,YES,COMPLETED,2
H359,H-T993,Engineering,Track,D-E,2025-11-08,2025-11-13,10,7,10,1.1,1.5,5,0.34,YES,COMPLETED,0
H360,H-T336,S&T,Signal,E-F,2026-04-24,2026-04-25,6,3,3,2.0,2.7,4,0.28,NO,DEFERRED,3
H361,H-T980,Engineering,Track,A-B,2026-09-06,2026-09-07,5,9,2,2.0,2.1,0,0.72,YES,COMPLETED,3
H362,H-T149,S&T,Signal,C-D,2025-10-18,2025-10-22,9,10,2,2.5,2.9,2,0.41,YES,COMPLETED,2
H363,H-T456,S&T,Signal,D-E,2026-08-02,2026-08-06,7,7,13,1.9,2.0,0,0.34,YES,COMPLETED,2
H364,H-T791,TRD,OHE,D-E,2026-08-02,2026-08-05,7,4,4,2.3,3.1,5,0.34,NO,DEFERRED,0
H365,H-T989,TRD,OHE,B-C,2026-04-04,2026-04-10,7,10,4,2.2,2.8,0,0.58,YES,COMPLETED,4
H366,H-T785,TRD,OHE,C-D,2026-07-10,2026-07-12,5,6,10,2.1,3.1,5,0.41,NO,DEFERRED,1
H367,H-T180,S&T,Signal,A-B,2026-04-16,2026-04-29,10,10,15,2.9,3.1,3,0.72,YES,COMPLETED,3
H368,H-T928,Engineering,Track,D-E,2026-01-08,2026-01-20,8,5,12,2.0,1.8,5,0.34,YES,COMPLETED,2
H369,H-T434,Engineering,Track,B-C,2026-06-07,2026-06-11,4,5,9,1.8,2.2,2,0.58,YES,COMPLETED,1
H370,H-T176,Engineering,Track,B-C,2026-08-13,2026-08-26,10,5,0,1.7,1.7,1,0.58,YES,COMPLETED,0
H371,H-T402,S&T,Signal,D-E,2026-02-01,2026-02-02,8,3,11,1.1,1.5,4,0.34,NO,DEFERRED,2
H372,H-T798,Engineering,Track,E-F,2026-08-16,2026-08-28,6,8,1,1.3,1.8,3,0.28,YES,COMPLETED,2
H373,H-T579,TRD,OHE,B-C,2026-07-11,2026-07-19,6,9,14,1.7,1.5,0,0.58,YES,COMPLETED,3
H374,H-T370,Engineering,Track,A-B,2025-10-21,2025-10-24,8,10,1,2.2,3.2,5,0.72,YES,COMPLETED,7
H375,H-T535,Engineering,Track,D-E,2026-01-17,2026-01-31,7,3,10,1.7,2.2,0,0.34,YES,COMPLETED,1
H376,H-T490,S&T,Signal,A-B,2025-10-26,2025-11-09,4,9,5,3.9,4.6,3,0.72,YES,COMPLETED,4
H377,H-T132,S&T,Signal,C-D,2025-12-30,2026-01-06,5,7,1,1.5,2.0,2,0.41,YES,COMPLETED,1
H378,H-T481,S&T,Signal,D-E,2025-10-15,2025-10-16,4,7,11,1.4,1.4,0,0.34,YES,COMPLETED,1
H379,H-T241,S&T,Signal,E-F,2026-09-06,2026-09-21,3,4,7,1.2,1.3,3,0.28,YES,COMPLETED,3
H380,H-T782,Engineering,Track,A-B,2026-05-01,2026-05-07,6,8,9,3.0,3.2,2,0.72,YES,COMPLETED,0
H381,H-T549,TRD,OHE,A-B,2026-06-13,2026-06-20,10,8,1,4.0,4.5,1,0.72,NO,DEFERRED,3
H382,H-T834,TRD,OHE,A-B,2025-10-18,2025-11-01,6,6,6,1.8,2.5,1,0.72,NO,DEFERRED,1
H383,H-T546,Engineering,Track,D-E,2026-08-15,2026-08-27,9,6,0,2.2,3.1,1,0.34,YES,COMPLETED,7
H384,H-T963,S&T,Signal,C-D,2025-12-05,2025-12-20,10,6,2,3.2,3.7,4,0.41,YES,COMPLETED,3
H385,H-T462,TRD,OHE,B-C,2025-10-23,2025-11-04,6,6,12,3.7,4.0,1,0.58,YES,COMPLETED,1
H386,H-T706,S&T,Signal,C-D,2026-03-24,2026-03-26,10,5,14,2.2,2.0,0,0.41,YES,COMPLETED,0
H387,H-T107,TRD,OHE,E-F,2026-06-10,2026-06-18,8,9,7,3.0,3.7,1,0.28,YES,COMPLETED,13
H388,H-T567,Engineering,Track,A-B,2025-12-24,2026-01-02,9,6,9,2.1,2.2,0,0.72,YES,COMPLETED,1
H389,H-T425,TRD,OHE,C-D,2026-03-20,2026-04-01,10,7,5,3.2,4.8,3,0.41,YES,COMPLETED,13
H390,H-T821,Engineering,Track,C-D,2026-03-02,2026-03-16,10,8,14,2.8,3.9,2,0.41,YES,COMPLETED,8
H391,H-T891,Engineering,Track,C-D,2026-02-13,2026-02-21,3,4,11,1.2,1.5,2,0.41,NO,DEFERRED,2
H392,H-T101,S&T,Signal,A-B,2026-05-25,2026-06-04,4,10,1,3.0,3.5,5,0.72,YES,COMPLETED,3
H393,H-T659,Engineering,Track,C-D,2026-06-21,2026-06-22,10,5,12,2.3,2.9,1,0.41,YES,COMPLETED,14
H394,H-T524,TRD,OHE,C-D,2025-10-08,2025-10-20,10,10,3,1.7,1.6,5,0.41,YES,COMPLETED,3
H395,H-T190,Engineering,Track,C-D,2026-05-22,2026-05-28,5,7,5,1.1,1.4,2,0.41,NO,DEFERRED,3
H396,H-T545,S&T,Signal,C-D,2026-05-10,2026-05-24,6,3,1,2.6,3.6,3,0.41,YES,COMPLETED,14
H397,H-T667,TRD,OHE,A-B,2025-10-15,2025-10-30,10,3,13,1.1,0.9,5,0.72,YES,COMPLETED,2
H398,H-T521,S&T,Signal,C-D,2025-10-24,2025-11-04,4,4,2,2.3,3.4,5,0.41,YES,COMPLETED,3
H399,H-T345,TRD,OHE,C-D,2026-06-13,2026-06-22,5,5,9,2.9,3.1,0,0.41,YES,COMPLETED,0
H400,H-T937,S&T,Signal,A-B,2026-02-21,2026-03-08,10,5,9,1.3,1.4,0,0.72,YES,COMPLETED,2
H401,H-T801,S&T,Signal,C-D,2026-07-12,2026-07-18,3,6,9,1.3,1.4,3,0.41,YES,COMPLETED,3
H402,H-T830,S&T,Signal,C-D,2026-03-23,2026-03-26,9,9,11,1.2,1.4,0,0.41,YES,COMPLETED,1
H403,H-T114,S&T,Signal,A-B,2025-10-16,2025-10-29,5,8,5,3.2,4.4,1,0.72,YES,COMPLETED,9
H404,H-T579,S&T,Signal,C-D,2026-07-12,2026-07-15,4,8,11,2.9,3.0,4,0.41,NO,DEFERRED,5
H405,H-T873,S&T,Signal,C-D,2026-02-02,2026-02-16,9,7,6,3.2,4.6,4,0.41,YES,COMPLETED,2
H406,H-T211,TRD,OHE,A-B,2025-10-08,2025-10-11,5,7,3,3.2,4.5,0,0.72,YES,COMPLETED,4
H407,H-T871,S&T,Signal,D-E,2026-05-22,2026-06-04,3,4,7,3.4,2.7,2,0.34,YES,COMPLETED,3
H408,H-T850,TRD,OHE,B-C,2026-07-25,2026-07-30,5,6,4,2.6,3.5,2,0.58,YES,COMPLETED,8
H409,H-T909,S&T,Signal,B-C,2025-11-01,2025-11-10,6,3,10,3.6,5.1,2,0.58,YES,COMPLETED,14
H410,H-T177,S&T,Signal,E-F,2026-06-04,2026-06-18,3,5,12,2.3,2.8,2,0.28,YES,COMPLETED,0
H411,H-T136,TRD,OHE,A-B,2025-10-10,2025-10-23,6,5,9,2.0,2.2,4,0.72,YES,COMPLETED,1
H412,H-T479,TRD,OHE,A-B,2026-06-25,2026-07-01,8,4,6,3.7,4.2,2,0.72,YES,COMPLETED,0
H413,H-T353,Engineering,Track,B-C,2026-08-03,2026-08-06,6,4,15,2.8,2.8,0,0.58,NO,DEFERRED,4
H414,H-T428,S&T,Signal,D-E,2026-06-07,2026-06-10,10,4,0,1.1,1.6,1,0.34,YES,COMPLETED,1
H415,H-T677,S&T,Signal,D-E,2026-05-27,2026-06-09,6,4,12,2.1,3.0,3,0.34,YES,COMPLETED,3
H416,H-T665,S&T,Signal,D-E,2026-03-09,2026-03-22,3,5,9,3.8,3.8,1,0.34,YES,COMPLETED,0
H417,H-T572,Engineering,Track,E-F,2026-05-16,2026-05-31,10,7,8,2.3,3.1,1,0.28,YES,COMPLETED,7
H418,H-T719,S&T,Signal,C-D,2026-03-21,2026-03-22,10,5,8,1.7,1.4,4,0.41,YES,COMPLETED,1
H419,H-T669,S&T,Signal,A-B,2025-10-04,2025-10-08,9,5,8,1.9,2.2,2,0.72,YES,COMPLETED,0
H420,H-T644,Engineering,Track,D-E,2025-11-30,2025-12-09,4,7,13,3.3,4.6,5,0.34,YES,COMPLETED,7
H421,H-T878,TRD,OHE,B-C,2026-01-22,2026-02-06,10,9,5,3.8,4.4,0,0.58,YES,COMPLETED,3
H422,H-T213,Engineering,Track,E-F,2026-08-10,2026-08-12,8,3,6,1.2,1.2,1,0.28,YES,COMPLETED,0
H423,H-T838,S&T,Signal,C-D,2025-11-15,2025-11-29,3,9,13,2.9,3.0,1,0.41,YES,COMPLETED,3
H424,H-T317,S&T,Signal,B-C,2026-07-23,2026-07-30,10,10,7,2.9,3.0,3,0.58,YES,COMPLETED,3
H425,H-T121,S&T,Signal,D-E,2025-12-03,2025-12-12,9,10,1,2.0,1.7,5,0.34,YES,COMPLETED,0
H426,H-T499,S&T,Signal,B-C,2025-10-07,2025-10-11,9,7,10,2.8,2.5,5,0.58,YES,COMPLETED,0
H427,H-T930,S&T,Signal,D-E,2026-05-02,2026-05-11,7,7,3,2.8,2.9,3,0.34,YES,COMPLETED,0
H428,H-T216,TRD,OHE,D-E,2026-03-01,2026-03-09,6,3,9,1.3,1.7,1,0.34,YES,COMPLETED,2
H429,H-T644,TRD,OHE,E-F,2026-01-04,2026-01-15,5,10,9,1.1,1.3,2,0.28,YES,COMPLETED,3
H430,H-T563,Engineering,Track,D-E,2026-06-08,2026-06-14,6,4,1,2.0,2.7,5,0.34,YES,COMPLETED,5
H431,H-T861,S&T,Signal,B-C,2026-05-24,2026-06-07,4,9,12,3.1,4.1,3,0.58,YES,COMPLETED,15
H432,H-T904,S&T,Signal,D-E,2025-12-22,2026-01-02,5,6,5,2.0,2.0,4,0.34,YES,COMPLETED,1
H433,H-T328,Engineering,Track,A-B,2026-08-21,2026-08-24,4,9,5,2.0,2.3,5,0.72,YES,COMPLETED,0
H434,H-T170,S&T,Signal,A-B,2025-11-22,2025-11-27,10,3,15,2.9,3.6,4,0.72,YES,COMPLETED,8
H435,H-T707,TRD,OHE,C-D,2026-06-25,2026-06-28,10,4,12,3.6,3.3,0,0.41,NO,DEFERRED,1
H436,H-T383,Engineering,Track,E-F,2025-10-07,2025-10-13,6,3,8,3.0,2.5,3,0.28,YES,COMPLETED,0
H437,H-T175,TRD,OHE,C-D,2025-12-25,2025-12-27,7,5,11,1.5,1.7,3,0.41,YES,COMPLETED,1
H438,H-T992,S&T,Signal,A-B,2026-02-28,2026-03-06,8,6,13,3.4,3.5,4,0.72,YES,COMPLETED,3
H439,H-T704,S&T,Signal,A-B,2025-10-04,2025-10-12,7,9,0,2.9,3.3,4,0.72,YES,COMPLETED,1
H440,H-T645,Engineering,Track,D-E,2026-03-24,2026-04-03,7,5,11,2.8,3.6,2,0.34,YES,COMPLETED,4
H441,H-T190,TRD,OHE,C-D,2026-06-24,2026-06-30,5,8,6,1.7,2.1,3,0.41,YES,COMPLETED,3
H442,H-T973,Engineering,Track,A-B,2025-11-20,2025-12-04,3,5,2,1.5,2.2,1,0.72,YES,COMPLETED,9
H443,H-T619,Engineering,Track,B-C,2026-06-19,2026-07-01,8,4,11,2.6,2.5,3,0.58,YES,COMPLETED,0
H444,H-T583,TRD,OHE,E-F,2026-02-20,2026-02-28,4,5,12,1.5,1.7,0,0.28,YES,COMPLETED,3
H445,H-T790,S&T,Signal,E-F,2026-02-15,2026-02-27,6,9,12,2.2,2.8,4,0.28,YES,COMPLETED,12
H446,H-T953,S&T,Signal,D-E,2026-05-30,2026-06-12,4,4,1,2.5,2.9,4,0.34,YES,COMPLETED,2
H447,H-T390,Engineering,Track,E-F,2026-03-23,2026-04-04,3,7,9,3.8,5.5,2,0.28,YES,COMPLETED,5
H448,H-T708,Engineering,Track,C-D,2026-03-10,2026-03-11,5,10,14,1.1,1.3,0,0.41,YES,COMPLETED,2
H449,H-T324,S&T,Signal,C-D,2026-01-07,2026-01-21,5,3,13,1.3,1.6,5,0.41,YES,COMPLETED,2
H450,H-T685,Engineering,Track,B-C,2025-12-19,2025-12-22,6,6,12,1.9,2.3,3,0.58,YES,COMPLETED,1
H451,H-T308,TRD,OHE,B-C,2026-01-12,2026-01-20,3,10,10,3.4,3.1,3,0.58,YES,COMPLETED,0
H452,H-T620,Engineering,Track,A-B,2026-04-08,2026-04-17,7,6,15,2.3,2.9,3,0.72,YES,COMPLETED,8
H453,H-T132,TRD,OHE,C-D,2026-04-18,2026-04-22,7,9,1,2.8,2.9,3,0.41,YES,COMPLETED,3
H454,H-T262,Engineering,Track,C-D,2025-09-27,2025-10-09,4,6,14,1.3,1.7,4,0.41,NO,DEFERRED,2
H455,H-T108,TRD,OHE,D-E,2026-03-31,2026-04-13,4,8,9,2.9,3.9,2,0.34,YES,COMPLETED,7
H456,H-T816,TRD,OHE,A-B,2026-02-28,2026-03-11,5,10,8,2.9,4.3,2,0.72,NO,DEFERRED,5
H457,H-T462,S&T,Signal,C-D,2026-05-24,2026-06-03,4,10,9,1.3,1.7,5,0.41,YES,COMPLETED,0
H458,H-T270,S&T,Signal,C-D,2026-07-11,2026-07-23,7,7,7,1.3,1.6,5,0.41,YES,COMPLETED,2
H459,H-T890,TRD,OHE,B-C,2026-07-31,2026-08-04,5,9,4,2.2,2.1,1,0.58,NO,DEFERRED,0
H460,H-T199,TRD,OHE,D-E,2026-04-13,2026-04-20,8,8,1,3.0,3.9,2,0.34,YES,COMPLETED,13
H461,H-T472,TRD,OHE,A-B,2026-01-06,2026-01-19,3,7,6,1.0,1.4,1,0.72,YES,COMPLETED,1
H462,H-T890,TRD,OHE,A-B,2026-05-31,2026-06-06,9,9,10,1.2,1.2,3,0.72,YES,COMPLETED,2
H463,H-T685,TRD,OHE,C-D,2026-08-10,2026-08-13,9,4,10,1.5,2.1,2,0.41,YES,COMPLETED,2
H464,H-T971,Engineering,Track,E-F,2025-10-31,2025-11-14,8,6,2,2.3,2.5,2,0.28,YES,COMPLETED,3
H465,H-T645,Engineering,Track,B-C,2026-08-30,2026-09-13,9,5,7,3.7,4.0,5,0.58,NO,DEFERRED,4
H466,H-T955,S&T,Signal,C-D,2026-05-25,2026-05-28,8,3,15,1.2,1.6,3,0.41,YES,COMPLETED,1
H467,H-T752,Engineering,Track,D-E,2026-04-01,2026-04-11,10,7,11,2.4,3.2,1,0.34,YES,COMPLETED,13
H468,H-T950,Engineering,Track,B-C,2025-12-26,2025-12-27,4,4,15,3.7,3.3,3,0.58,YES,COMPLETED,0
H469,H-T130,TRD,OHE,A-B,2026-02-25,2026-03-07,10,7,14,3.1,4.4,0,0.72,YES,COMPLETED,2
H470,H-T499,TRD,OHE,A-B,2026-08-17,2026-08-29,9,9,10,1.8,1.6,2,0.72,YES,COMPLETED,3
H471,H-T520,Engineering,Track,C-D,2026-09-13,2026-09-14,5,9,0,3.6,4.6,0,0.41,YES,COMPLETED,12
H472,H-T265,TRD,OHE,C-D,2026-07-21,2026-08-02,7,3,9,1.7,1.5,1,0.41,YES,COMPLETED,2
H473,H-T197,S&T,Signal,C-D,2026-08-14,2026-08-22,5,5,10,2.4,2.8,2,0.41,YES,COMPLETED,2
H474,H-T482,S&T,Signal,A-B,2025-10-05,2025-10-07,3,4,6,3.8,3.2,4,0.72,YES,COMPLETED,0
H475,H-T699,S&T,Signal,C-D,2025-10-13,2025-10-22,10,10,8,1.5,1.5,2,0.41,NO,DEFERRED,3
H476,H-T625,Engineering,Track,A-B,2025-10-18,2025-10-28,7,6,4,2.7,2.5,0,0.72,YES,COMPLETED,1
H477,H-T114,S&T,Signal,C-D,2026-08-05,2026-08-07,4,9,7,3.4,3.6,5,0.41,YES,COMPLETED,0
H478,H-T308,S&T,Signal,A-B,2025-12-21,2026-01-02,4,8,3,3.0,4.2,4,0.72,NO,DEFERRED,5
H479,H-T174,S&T,Signal,A-B,2026-01-11,2026-01-13,7,10,3,2.2,2.7,1,0.72,NO,DEFERRED,3
H480,H-T471,S&T,Signal,E-F,2026-08-16,2026-08-26,10,3,10,2.7,2.8,2,0.28,NO,DEFERRED,1
H481,H-T100,Engineering,Track,E-F,2025-11-21,2025-11-27,6,5,10,2.4,3.2,5,0.28,YES,COMPLETED,12
H482,H-T132,S&T,Signal,A-B,2026-03-10,2026-03-22,7,5,0,3.3,2.7,4,0.72,YES,COMPLETED,2
H483,H-T385,S&T,Signal,C-D,2026-02-25,2026-03-12,7,8,4,1.6,2.2,1,0.41,YES,COMPLETED,11
H484,H-T616,S&T,Signal,B-C,2025-10-06,2025-10-15,10,10,4,2.3,1.9,0,0.58,YES,COMPLETED,3
H485,H-T515,TRD,OHE,E-F,2025-09-28,2025-10-06,3,7,9,2.3,2.1,3,0.28,NO,DEFERRED,4
H486,H-T504,TRD,OHE,A-B,2026-06-05,2026-06-18,6,7,3,1.6,1.6,1,0.72,YES,COMPLETED,1
H487,H-T226,Engineering,Track,E-F,2026-06-21,2026-06-28,3,8,14,1.9,2.2,5,0.28,YES,COMPLETED,1
H488,H-T870,TRD,OHE,D-E,2026-07-07,2026-07-10,8,8,1,3.9,5.8,5,0.34,YES,COMPLETED,5
H489,H-T778,TRD,OHE,B-C,2025-11-12,2025-11-23,3,9,13,2.9,3.8,2,0.58,YES,COMPLETED,6
H490,H-T730,Engineering,Track,E-F,2025-11-10,2025-11-16,8,10,12,2.6,3.2,3,0.28,NO,DEFERRED,5
H491,H-T548,S&T,Signal,B-C,2026-09-13,2026-09-27,5,4,15,1.2,1.1,3,0.58,YES,COMPLETED,0
H492,H-T795,Engineering,Track,E-F,2026-06-11,2026-06-18,9,6,8,3.8,4.7,2,0.28,NO,DEFERRED,1
H493,H-T424,TRD,OHE,C-D,2026-03-28,2026-04-03,6,4,14,1.8,2.1,1,0.41,NO,DEFERRED,2
H494,H-T785,TRD,OHE,A-B,2026-03-27,2026-04-04,3,7,9,4.0,4.0,1,0.72,YES,COMPLETED,2
H495,H-T426,TRD,OHE,E-F,2026-07-07,2026-07-16,8,4,4,3.5,3.6,0,0.28,NO,DEFERRED,1
H496,H-T517,Engineering,Track,D-E,2026-03-15,2026-03-19,6,4,7,3.2,4.0,2,0.34,YES,COMPLETED,11
H497,H-T217,TRD,OHE,A-B,2026-03-27,2026-04-10,7,4,8,2.2,3.0,1,0.72,YES,COMPLETED,10
H498,H-T719,TRD,OHE,B-C,2026-01-08,2026-01-09,5,10,6,3.7,3.4,3,0.58,YES,COMPLETED,0
H499,H-T135,S&T,Signal,E-F,2026-09-19,2026-09-27,8,9,2,2.2,2.7,1,0.28,YES,COMPLETED,1
H500,H-T947,S&T,Signal,B-C,2026-05-02,2026-05-03,5,5,9,3.7,3.7,4,0.58,YES,COMPLETED,3
H501,H-T238,TRD,OHE,B-C,2026-05-05,2026-05-19,6,3,12,1.4,1.3,4,0.58,YES,COMPLETED,2
H502,H-T385,S&T,Signal,E-F,2026-07-02,2026-07-12,5,3,11,3.8,5.2,0,0.28,YES,COMPLETED,4
H503,H-T243,S&T,Signal,A-B,2025-09-27,2025-10-02,4,10,4,2.4,3.5,3,0.72,YES,COMPLETED,8
H504,H-T907,S&T,Signal,C-D,2026-01-22,2026-02-03,9,6,12,1.1,1.4,0,0.41,YES,COMPLETED,0
H505,H-T462,S&T,Signal,B-C,2026-08-07,2026-08-19,5,9,11,3.8,3.0,1,0.58,YES,COMPLETED,2
H506,H-T430,S&T,Signal,D-E,2026-08-18,2026-08-21,7,4,4,2.4,2.6,5,0.34,YES,COMPLETED,2
H507,H-T357,TRD,OHE,E-F,2026-06-04,2026-06-06,6,7,11,1.4,1.4,1,0.28,YES,COMPLETED,1
H508,H-T845,TRD,OHE,B-C,2025-10-23,2025-11-01,7,4,12,3.5,3.8,5,0.58,NO,DEFERRED,0
H509,H-T477,TRD,OHE,D-E,2025-11-22,2025-11-26,9,5,0,3.1,3.6,4,0.34,YES,COMPLETED,1
H510,H-T930,S&T,Signal,A-B,2025-09-23,2025-10-02,10,9,5,1.6,2.2,1,0.72,YES,COMPLETED,14
H511,H-T377,TRD,OHE,E-F,2025-10-23,2025-11-04,8,7,9,2.6,3.4,1,0.28,YES,COMPLETED,11
H512,H-T669,Engineering,Track,C-D,2026-03-09,2026-03-23,3,3,12,2.4,2.0,3,0.41,YES,COMPLETED,0
H513,H-T585,Engineering,Track,A-B,2026-06-12,2026-06-21,10,8,14,2.6,2.5,0,0.72,YES,COMPLETED,0
H514,H-T106,Engineering,Track,B-C,2025-10-28,2025-11-07,10,9,2,1.6,2.4,3,0.58,YES,COMPLETED,4
H515,H-T135,S&T,Signal,B-C,2026-08-25,2026-09-09,7,6,13,2.4,2.1,1,0.58,NO,DEFERRED,1
H516,H-T281,TRD,OHE,E-F,2026-03-24,2026-04-03,10,3,1,2.5,3.5,2,0.28,NO,DEFERRED,5
H517,H-T690,Engineering,Track,B-C,2025-10-04,2025-10-19,3,6,13,3.5,3.4,2,0.58,YES,COMPLETED,1
H518,H-T379,Engineering,Track,E-F,2025-11-05,2025-11-09,7,9,10,3.0,3.3,4,0.28,YES,COMPLETED,3
H519,H-T457,TRD,OHE,A-B,2025-12-20,2025-12-29,10,5,2,3.2,4.4,4,0.72,YES,COMPLETED,15
H520,H-T853,TRD,OHE,A-B,2026-09-12,2026-09-20,3,7,1,1.1,1.4,1,0.72,YES,COMPLETED,1
